,MAPE,sMAPE,MSE,MAE,RMSE
bioule,0.11981491759208551,0.11980672857415477,0.020204822652417315,0.10849831807463152,0.13204128791803219
