,MAPE,sMAPE,MSE,MAE,RMSE
bioule,0.10351371838838609,0.10353833357860005,0.017450255167756865,0.09376151572932052,0.11963514278763758
